{"sections":{"main":{"type":"main-page","disabled":true,"settings":{"padding_top":36,"padding_bottom":36,"show_title":true}},"0059f76f-d8f0-4601-a314-ab10eb3bc8e3":{"type":"section__bundle-page-hero","blocks":{"aef84c44-b45e-4e60-8c9e-8a35efb2fd0a":{"type":"caption","settings":{"caption":"Our Products"}},"template--17236975681785__0059f76f-d8f0-4601-a314-ab10eb3bc8e3-heading-1":{"type":"heading","settings":{"heading":"Beyond ordinary cleaning everywhere, & without the hassle"}},"template--17236975681785__0059f76f-d8f0-4601-a314-ab10eb3bc8e3-text-1":{"type":"text","settings":{"text":"<p>Explore new and exciting ways to keep germs at bay wherever you go<\/p>"}}},"block_order":["aef84c44-b45e-4e60-8c9e-8a35efb2fd0a","template--17236975681785__0059f76f-d8f0-4601-a314-ab10eb3bc8e3-heading-1","template--17236975681785__0059f76f-d8f0-4601-a314-ab10eb3bc8e3-text-1"],"settings":{"content_alignment":"center","text_size":16,"text_size_mobile":14,"text_size_tablet":14,"text_color":"#1f1f1f","background_color":"#ffffff","padding_top":40,"padding_bottom":40}},"56835f04-697c-40bc-8f5c-4494feea8fce":{"type":"section__bundle-page-featured-product","settings":{"product_left":"uvlizer-uvo254™-powered-home-disinfection-tower-pack-3","image_left":"shopify:\/\/shop_images\/3x-bundle.png","title_left":"<p><strong>3x bundle UVO254™ Powered Home Disinfection Tower<\/strong><\/p>","text_left":"<p>Compact, powerful, and proven. Harness UVO technology to target dust mites, mold spores and other biological threats and breathe freely in every room around your house.<\/p>","button_left":"Shop Now","title_color_left":"#ffffff","text_color_left":"#ffffff","background_left":"#004587","image_right":"shopify:\/\/shop_images\/2x-bundle.png","product_right":"2x-uvlizer","title_right":"<p><strong>2x bundle UVO254™ Powered Home Disinfection Tower<\/strong><\/p>","text_right":"<p>Compact, powerful, and proven. Harness UVC technology to target dust mites, mold spores and other biological threats and breathe freely in every room.<\/p>","button_right":"Shop Now","title_color_right":"#004587","text_color_right":"#576980","background_right":"#e0f4ff","text_size":24,"text_size_mobile":15,"text_size_tablet":20,"padding_top":0,"padding_bottom":0}},"bbfd72e4-9063-4e17-8d73-07abc6aea720":{"type":"section__bundle-page-featured-product","settings":{"product_left":"uvlizer-tower","image_left":"shopify:\/\/shop_images\/1x-uvo.png","title_left":"<p><strong>1 UVO UVO254™ Powered Home Disinfection Tower<\/strong><\/p>","text_left":"<p>Compact, powerful, and proven. Harness UVC technology to target dust mites, mold spores and other biological threats and breathe freely.<\/p>","button_left":"Shop Now","title_color_left":"#004587","text_color_left":"#576980","background_left":"#ffffff","image_right":"shopify:\/\/shop_images\/uv-bot.png","product_right":"uvbot™-uv-c-sanitizing-robot-159-95","title_right":"<p><strong>UV Bot<\/strong><\/p>","text_right":"<p>Your pocket-sized defender against invisible threats. Harness powerful UV-C technology for on-the-move sanitization, from your gadgets to hotel rooms. Travel and live allergy-free.<\/p>","button_right":"Shop Now","title_color_right":"#ffffff","text_color_right":"#ffffff","background_right":"#2fa6b7","text_size":24,"text_size_mobile":15,"text_size_tablet":20,"padding_top":0,"padding_bottom":0}},"e8db47db-2749-4002-9fc9-07cab6b61b65":{"type":"section__bundle-page-featured-product","disabled":true,"settings":{"product_left":"miniuv","image_left":"shopify:\/\/shop_images\/uv-mini.png","title_left":"<p><strong>UV Mini<\/strong><\/p>","text_left":"<p>The power of Uvlizer, now pocket-sized. Dual UV-C and UV-A technology ensures swift 15-second sanitization on-the-go.<\/p>","button_left":"Shop Now","title_color_left":"#004587","text_color_left":"#576980","background_left":"#e0f4ff","image_right":"shopify:\/\/shop_images\/uv-wand.png","product_right":"uvwand","title_right":"<p><strong>UV Wand<\/strong><\/p>","text_right":"<p>Sleek and potent. Utilize superior UV-C LEDs for rapid sterilization on-the-go, ensuring every touch is a safe one.<\/p>","button_right":"Shop Now","title_color_right":"#ffffff","text_color_right":"#ffffff","background_right":"#004587","text_size":24,"text_size_mobile":15,"text_size_tablet":20,"padding_top":0,"padding_bottom":0}},"section_bundle_page_featured_product_H7zhbK":{"type":"section__bundle-page-featured-product","settings":{"product_left":"room-spray-by-fluffco","image_left":"shopify:\/\/shop_images\/Rectangle_1127_2.png","title_left":"<p><strong>Spray<\/strong><\/p>","text_left":"<p>Elevate your sleep with FLUFFCO™ room spray. Designed to calm your mind and body, it creates a peaceful atmosphere for faster, deeper sleep.<\/p>","button_left":"Shop Now","title_color_left":"#004587","text_color_left":"#576980","background_left":"#ffffff","image_right":"shopify:\/\/shop_images\/Rectangle_1127_1_1.png","product_right":"natural-premium-bamboo-sheet-set-by-sunday-citizen","title_right":"<p><strong>The allergen-free bamboo set<\/strong><\/p>","text_right":"<p>Crafted from eco-friendly bamboo fibers, these sheets & pillowcase set not only offer a sumptuous, breathable comfort keeping you cold all night but also naturally repel dust mites and allergens, ensuring a cleaner, healthier sleep environment.<\/p>","button_right":"Shop Now","title_color_right":"#004587","text_color_right":"#576980","background_right":"#e0f4ff","text_size":21,"text_size_mobile":15,"text_size_tablet":20,"padding_top":0,"padding_bottom":0}},"b2feb9e4-f9bf-43dc-891e-8424adbedb5b":{"type":"section__bundle-page-featured-product","settings":{"product_left":"uvbox","image_left":"shopify:\/\/shop_images\/uv-box.png","title_left":"<p><strong>UV Box™<\/strong><\/p>","text_left":"<p>Pocket-sized hygiene mastery. Efficiently sanitize your phone & other items with UVC technology in just 5-10 minutes for a germ-free lifestyle and peace of mind.<\/p>","button_left":"Shop Now","title_color_left":"#ffffff","text_color_left":"#ffffff","background_left":"#2fa6b7","image_right":"shopify:\/\/shop_images\/uv-zap.png","product_right":"uvbot","title_right":"<p><strong>UV Zap<\/strong><\/p>","text_right":"<p>Swiftly sanitize hard-to-reach spots in 6 minutes. Easily hang on lids and cabinets.<\/p>","button_right":"Shop Now","title_color_right":"#004587","text_color_right":"#576980","background_right":"#ffffff","text_size":24,"text_size_mobile":15,"text_size_tablet":20,"padding_top":0,"padding_bottom":0}},"72075c14-c013-412a-8622-b712905ef7ab":{"type":"section__bundle-page-featured-product","settings":{"product_left":"uvbag","image_left":"shopify:\/\/shop_images\/uv-bag.png","title_left":"<p><strong>UV Bag<\/strong><\/p>","text_left":"<p>Instantly disinfect on-the-go shopping with one-click UV Light sterilization. Lightweight for easy carrying and waterproof for hassle-free cleaning.<\/p>","button_left":"Shop Now","title_color_left":"#ffffff","text_color_left":"#ffffff","background_left":"#004587","image_right":"shopify:\/\/shop_images\/sticky-uv.png","product_right":"door-uvc","title_right":"<p><strong>Sticky UV<\/strong><\/p>","text_right":"<p>Hangable Uvlizer: Swift, smart UV-C sterilization where you need it most. A discreet powerhouse that complements your UVO lamps<\/p>","button_right":"Shop Now","title_color_right":"#004587","text_color_right":"#576980","background_right":"#e0f4ff","text_size":24,"text_size_mobile":15,"text_size_tablet":20,"padding_top":0,"padding_bottom":0}},"d2705c27-5891-498d-955f-95bd37fccc42":{"type":"section__bundle-page-surviors","custom_css":[".surviors__left p em strong {color: #f4b600; font-style: normal;}"],"settings":{"text":"<p><em><strong>★ ★ ★ ★ ★<\/strong><\/em><br\/><strong>2000+<br\/>Happy <\/strong><\/p><p>customers<\/p>","text_size":96,"text_size_mobile":40,"text_size_tablet":60,"text_color":"#004587","background_color":"#ffffff","padding_top":50,"padding_bottom":40}},"bcbb2312-f581-4d40-8909-7b5d769c5cc3":{"type":"section__bundle-page-engineered","custom_css":["a {font-size: 15px; top: -10px; vertical-align: super; position: relative; left: 5px;}"],"settings":{"heading":"<p>Scientifically <\/p><p><strong>Engineered <\/strong>to<strong> Target Dust Mites<\/strong> and <strong>Mold at the DNA Level<\/strong><a href=\"https:\/\/pmc.ncbi.nlm.nih.gov\/articles\/PMC3609379\/\" target=\"_blank\" title=\"https:\/\/pmc.ncbi.nlm.nih.gov\/articles\/PMC3609379\/\"><strong>[R]<\/strong><\/a><\/p>","text":"<p>Most solutions only clean what you <em>see<\/em>—but UVLizer goes deeper, targeting dust mites and mold at their very core.<\/p><p>Using advanced UVO technology, UVLizer disrupts their DNA, so they can't lay eggs or multiply again. No chemicals, no toxic sprays—just hospital-grade UV-C and ozone working together to sanitize your home at a microscopic level.<\/p><p>This isn't just another cleaning gadget. It’s the same technology trusted in hospitals and airlines—now in your hands to create a truly purified, healthier home.<\/p><p>Plus, it’s unbelievably easy to use! Just turn it on, step out of the room with your pets, and let UVLizer do the work. Come back to a space that’s fresher and cleaner.<\/p>","text_size":64,"text_size_mobile":40,"text_size_tablet":50,"text_color":"#004587","background_color":"#ffffff","padding_top":0,"padding_bottom":0}},"c640e739-79b5-48c7-b070-0100352c0a20":{"type":"section__bundle-page-press","settings":{"heading":"<p>In the <strong>Press<\/strong><\/p>","text_first":"<p>A UVC radiation is a known disinfectant for air, water, and nonporous surfaces. UVC radiation has effectively been used for decades to reduce the spread of bacteria, such as tuberculosis. For this reason, UVC lamps are often called \"germicidal\" lamps. <a href=\"https:\/\/www.hpnonline.com\/regulatory\/article\/21151090\/fda-guides-on-uvc-lights-lamps-radiation-and-disinfection\" target=\"_blank\" title=\"https:\/\/www.hpnonline.com\/regulatory\/article\/21151090\/fda-guides-on-uvc-lights-lamps-radiation-and-disinfection\"><strong>[R]<\/strong><\/a><\/p>","text_second":"<p>Ultraviolet germicidal irradiation (UVGI) cleaners that use ultraviolet radiation from UV lamps can destroy indoor biological pollutants such as viruses, bacteria, and some molds <a href=\"https:\/\/www.epa.gov\/mold\/does-ultraviolet-uv-radiation-uv-lamps-kill-mold\" target=\"_blank\" title=\"https:\/\/www.epa.gov\/mold\/does-ultraviolet-uv-radiation-uv-lamps-kill-mold\"><strong>[R]<\/strong><\/a><\/p>","text_third":"<p>Historically, it's been used in homeless shelters and medical centers. Sales are up tenfold in the past month. The demand is through the roof <a href=\"https:\/\/www.nytimes.com\/2020\/05\/07\/science\/ultraviolet-light-coronavirus.html\" target=\"_blank\" title=\"https:\/\/www.nytimes.com\/2020\/05\/07\/science\/ultraviolet-light-coronavirus.html\"><strong>[R]<\/strong><\/a><\/p>","text_size":96,"text_size_mobile":40,"text_size_tablet":53,"text_color":"#004587","background_color":"#ffffff","padding_top":50,"padding_bottom":0}}},"order":["main","0059f76f-d8f0-4601-a314-ab10eb3bc8e3","56835f04-697c-40bc-8f5c-4494feea8fce","bbfd72e4-9063-4e17-8d73-07abc6aea720","e8db47db-2749-4002-9fc9-07cab6b61b65","section_bundle_page_featured_product_H7zhbK","b2feb9e4-f9bf-43dc-891e-8424adbedb5b","72075c14-c013-412a-8622-b712905ef7ab","d2705c27-5891-498d-955f-95bd37fccc42","bcbb2312-f581-4d40-8909-7b5d769c5cc3","c640e739-79b5-48c7-b070-0100352c0a20"]}