{"sections":{"main":{"type":"main-page","disabled":true,"settings":{"padding_top":36,"padding_bottom":36,"show_title":true}},"e09bdeb5-38ac-4cc8-9cf6-5c2a3841d570":{"type":"leadgen-banner-v1","settings":{"image":"shopify:\/\/shop_images\/three-products-bf.png","title":"Get FREE GIFTS + HUGE exclusive discounts","sub_text":"<p>This year we’re celebrating black Friday early, offering the biggest sales + free gifts that we’ve never offered before EXCLUSIVELY for our <strong>VIP email subscribers<\/strong><\/p>","button":"YES! I WANT IN","background_color_banner":"#ffffff","background_color":"#eef6f8","padding_top":44,"padding_bottom":80,"show_title":true}}},"order":["main","e09bdeb5-38ac-4cc8-9cf6-5c2a3841d570"]}