{"sections":{"main":{"type":"main-page","disabled":true,"settings":{"padding_top":36,"padding_bottom":36,"show_title":true}},"d38b027a-de6e-434b-ae56-4409a1e6dcd9":{"type":"leadgen-banner","settings":{"image":"shopify:\/\/shop_images\/uvlizer-device-3-min.png","title":"Early Black Friday: BIGGEST SALE THIS YEAR","sub_text":"<p>This year, we’re celebrating black Friday early, offering the biggest sales + free gifts that we’ve never offered before EXCLUSIVELY for our VIP subscribers.<br\/><br\/>Sign up now to be the first to enjoy our exclusive promos.<\/p><p><strong>👇<\/strong><\/p>","button":"YES! I WANT IN","background_color_banner":"#ffffff","background_color":"#eef6f8","padding_top":48,"padding_bottom":68,"show_title":true}}},"order":["main","d38b027a-de6e-434b-ae56-4409a1e6dcd9"]}